id,ID,name,KEGG,CID,mean_diabetic..,mean_non.diabetic..,sd_diabetic..,sd_non.diabetic..,diabetic..__mean_and_sd,non.diabetic..__mean_and_sd,FC_non.diabetic.._diabetic..,class_p.values,class_FDR.p.values,post.hoc_non.diabetic.._diabetic..,kruskal_selected,PC1,PC2,rf_importance,rfe_selected,FC_non.diabetic.._diabetic.._mag,FC_non.diabetic.._diabetic.._dir,FC_non.diabetic.._diabetic.._sig,class_FDR.p.values_sig,FC_non.diabetic.._diabetic.._dir_class_FDR.p.values_sig
1,var1,xylulose,C00310,5289590,1223.1739130434783,764.0754716981132,514.8732105333323,313.0713146243817,1220 +/- 510,764 +/- 310,0.62,1.324761171307805e-4,7.001503497474705e-4,1.3251823377291583e-4,TRUE,0.12100395666599598,-0.05393466440670242,0.07937020960774081,FALSE,0.6896598793878495,-1,FALSE,TRUE,-1_TRUE
10,var10,uracil,C00106,1174,4730.695652173913,3285.830188679245,3505.024217719247,1809.0783005532558,4730 +/- 3500,3290 +/- 1800,0.69,0.007749942938032367,0.018442902181646643,0.0077499429380439855,TRUE,0.08533775365106129,0.1339653743743309,0.02596738103563851,FALSE,0.5353317329965558,-1,FALSE,TRUE,-1_TRUE
100,var100,homocystine,C01817,439579,841.304347826087,541.4905660377359,373.43399499322607,394.34925084252166,841 +/- 370,541 +/- 390,0.64,6.568744714291248e-5,3.832873371202616e-4,6.570256488802606e-5,TRUE,0.08452547157330714,0.018546131162133096,0.02676206413723576,FALSE,0.6438561897747247,-1,FALSE,TRUE,-1_TRUE
101,var101,histidine,C00135,6274,33410.434782608696,40536.45283018868,9780.640520139246,12686.6714834689,33400 +/- 9800,40500 +/- 13000,1.21,0.019549999887536917,0.03952042988018215,0.019549999887609082,TRUE,-0.0367754793225603,0.11623350945895305,0.07549449604403166,FALSE,0.27500704749986976,1,FALSE,TRUE,1_TRUE
102,var102,hexuronic acid,,19770757,15522.304347826086,7559.471698113208,4926.790246238902,3943.758260280383,15500 +/- 4900,7560 +/- 3900,0.49,3.117157616030761e-8,9.767093863563051e-7,3.117159075305409e-8,TRUE,0.13731556536303188,-0.07624830431898613,0.7068658512417473,TRUE,1.0291463456595165,-1,FALSE,TRUE,-1_TRUE
103,var103,guanosine,C00387,6802,230.52173913043478,258.24528301886795,439.53982853612393,496.31875248056133,231 +/- 440,258 +/- 500,1.12,0.27020931188423714,0.3527732682933096,0.2702780839414882,FALSE,0.02107978574961029,0.09572893465080576,NA,FALSE,0.16349873228287956,1,FALSE,FALSE,1_FALSE
104,var104,glycolic acid,C00160,757,6405.347826086957,5638.377358490566,4429.257249540683,1225.233843087406,6410 +/- 4400,5640 +/- 1200,0.88,0.2653888095787941,0.348902770635058,0.2653953433315148,FALSE,0.017631497126345312,-0.09619516873908171,NA,FALSE,0.18442457113742744,-1,FALSE,FALSE,-1_FALSE
105,var105,glycine,C00037,750,210119.47826086957,220593.62264150943,68655.50066280829,70389.11394942852,210000 +/- 69000,221000 +/- 70000,1.05,0.15262451523785395,0.2157399162760642,0.15262451523785292,FALSE,-0.03850229573419659,0.08080385398664928,NA,FALSE,0.070389327891398,1,FALSE,FALSE,1_FALSE
106,var106,glycerol-alpha-phosphate,C00093,754,7325.739130434783,12989.264150943396,4031.764605969037,4514.745470084849,7330 +/- 4000,13000 +/- 4500,1.77,8.976358675827165e-7,1.2053967364682193e-5,8.976358693013609e-7,TRUE,-0.07352123902805821,0.06936750406855675,0.24741260816926453,FALSE,0.8237493603082727,1,FALSE,TRUE,1_TRUE
107,var107,glycerol-3-galactoside,C05401,656504,1783.391304347826,1232.5283018867924,764.2982365977323,662.2265067927922,1780 +/- 760,1230 +/- 660,0.69,0.0011976133472717367,0.003881919125639422,0.0011977063371526597,TRUE,0.10712092700590267,-8.33146647675708e-4,0.09649607966491335,FALSE,0.5353317329965558,-1,FALSE,TRUE,-1_TRUE
108,var108,glyceric acid,C00258,439194,3138.608695652174,2851.3207547169814,1147.393795407283,1349.0455425622633,3140 +/- 1100,2850 +/- 1300,0.91,0.1839930735610103,0.2524868454705835,0.18399307356101113,FALSE,0.011541707260810483,0.038431138480726455,NA,FALSE,0.13606154957602837,-1,FALSE,FALSE,-1_FALSE
109,var109,glutaric acid,C00489,743,1426.2173913043478,310.35849056603774,3857.895728320412,204.0276276860961,1430 +/- 3900,310 +/- 200,0.22,0.06051862849348015,0.10250001943039881,0.06052566263965331,FALSE,0.05076945641764971,-0.013250687411755202,NA,FALSE,2.1844245711374275,-1,FALSE,FALSE,-1_FALSE
11,var11,tyrosine,C00082,6057,110102.86956521739,117015.58490566038,44578.230784160216,29968.461727054353,110000 +/- 45000,117000 +/- 30000,1.06,0.15921737879837586,0.22172494232662712,0.15921737879837294,FALSE,-0.015543962924732294,0.13830659061727904,NA,FALSE,0.08406426478847455,1,FALSE,FALSE,1_FALSE
110,var110,glutamine,C00064,5961,146534.69565217392,132936.77358490566,58502.04303459277,65955.01873177876,147000 +/- 59000,133000 +/- 66000,0.91,0.2605737040249379,0.3449849039203403,0.26057370402493585,FALSE,0.05112594558788803,0.13182472616434807,NA,FALSE,0.13606154957602837,-1,FALSE,FALSE,-1_FALSE
111,var111,glutamic acid,C00025,33032,13399.130434782608,15466.811320754718,5441.528455935785,5648.858230640009,13400 +/- 5400,15500 +/- 5600,1.15,0.0867113451585117,0.13815027872712032,0.08671349925732574,FALSE,-0.030272151034741075,0.028726609179650246,NA,FALSE,0.2016338611696504,1,FALSE,FALSE,1_FALSE
112,var112,glucuronic acid,C00191,94715,29686,19418.962264150945,24803.25592263315,13474.080141233937,29700 +/- 25000,19400 +/- 13000,0.65,0.146241477297742,0.20828331615132953,0.14624147729773862,FALSE,0.05934577459459845,-0.13698724589134292,NA,FALSE,0.6214883767462701,-1,FALSE,FALSE,-1_FALSE
113,var113,glucose-6-phosphate,C00092,5958,1244.3478260869565,525.433962264151,1231.6448207283127,433.04763059373124,1240 +/- 1200,525 +/- 430,0.42,0.0013475382154649498,0.004222286408456843,0.001348256620998467,TRUE,0.06090715153134812,-0.03993440369183199,0.13783451554091566,FALSE,1.2515387669959646,-1,FALSE,TRUE,-1_TRUE
114,var114,glucose,C00031,107526,376619.60869565216,615852.320754717,167393.30096803838,146998.64505638945,377000 +/- 170000,616000 +/- 150000,1.64,4.452244737182361e-7,6.975183421585699e-6,4.4522447584238733e-007,TRUE,-0.10336435310895485,-0.03540623229434955,0.20460363974741347,FALSE,0.7136958148433589,1,FALSE,TRUE,1_TRUE
115,var115,gluconic acid,C00257,10690,796.9565217391304,360.8490566037736,326.2333908361354,223.25764662814808,797 +/- 330,361 +/- 220,0.45,1.4226419370233794e-8,9.767093863563051e-7,1.4245761903453058e-8,TRUE,0.14849775690434502,-0.0636156556302651,1.922159955928115,TRUE,1.15200309344505,-1,FALSE,TRUE,-1_TRUE
116,var116,glucoheptose,,76599,434.5217391304348,191.33962264150944,319.03218269766757,201.04792228148247,435 +/- 320,191 +/- 200,0.44,3.0296570491622086e-4,0.0012657233894277672,3.031966940304498e-4,TRUE,0.10878024208390094,-0.03987795181026739,0.06974126131321255,FALSE,1.1844245711374275,-1,FALSE,TRUE,-1_TRUE
117,var117,galactose-6-phosphate,C00446,99058,200.82608695652175,200.0566037735849,109.70897542378906,121.16286164534901,201 +/- 110,200 +/- 120,1,0.7429737215162358,0.7981660551145847,0.7429872800944226,FALSE,0.014819587028346905,0.020725247878710714,NA,FALSE,0,0,FALSE,FALSE,0_FALSE
118,var118,galactose,C00124,6036,46650.434782608696,43590.58490566038,20157.207823925342,23911.937060351873,46700 +/- 20000,43600 +/- 24000,0.93,0.28529426543116465,0.3673652185004038,0.28529426543116465,FALSE,0.002700425260010784,-0.09344751700232082,NA,FALSE,0.10469737866669324,-1,FALSE,FALSE,-1_FALSE
119,var119,galactonic acid,C00880,128869,707.3478260869565,382.66037735849056,291.2890798901344,223.025519701931,707 +/- 290,383 +/- 220,0.54,2.678868667466973e-7,5.32332017982828e-6,2.6803745689640834e-7,TRUE,0.1353890736818197,-0.039659034520538296,1.0439587902004892,TRUE,0.888968687611256,-1,FALSE,TRUE,-1_TRUE
12,var12,tryptophan,C00078,6305,84168.84347826087,96812.23396226414,40785.989724189116,54616.41136600914,84200 +/- 41000,96800 +/- 55000,1.15,0.381224472380369,0.46539091433447644,0.3870511032197478,FALSE,-0.01257037556730851,-0.003625282514343623,NA,FALSE,0.2016338611696504,1,FALSE,FALSE,1_FALSE
120,var120,galactinol,C01235,439451,1890.9565217391305,582.0377358490566,2034.5825901657406,1015.2854081917471,1890 +/- 2000,582 +/- 1000,0.31,1.3553264537826282e-4,7.001503497474705e-4,1.3558993935813834e-4,TRUE,0.1130294486670022,-0.029483630169369612,0.025756327393536702,FALSE,1.6896598793878495,-1,FALSE,TRUE,-1_TRUE
121,var121,fumaric acid,C00122,444972,1155.0869565217392,1483.0377358490566,749.636815885683,1354.031913075,1160 +/- 750,1480 +/- 1400,1.28,0.807927984445487,0.8533185565795226,0.8079292716550927,FALSE,-0.014025891000680824,0.05421948083508342,NA,FALSE,0.35614381022527536,1,FALSE,FALSE,1_FALSE
122,var122,fucose + rhamnose,C01018,94270,8875.826086956522,8838.245283018869,3972.7693301018157,2767.92167175788,8880 +/- 4000,8840 +/- 2800,1,0.4797647293473487,0.5672689881591293,0.4797647293473508,FALSE,0.028114859402807904,-0.012870801784460026,NA,FALSE,0,0,FALSE,FALSE,0_FALSE
123,var123,fucose,C01019,94270,2674.1304347826085,2488.6415094339623,1040.9151700808034,717.0043475444746,2670 +/- 1000,2490 +/- 720,0.93,0.6308272595587721,0.7101528430961027,0.6308412702635624,FALSE,0.04458337993671686,-0.020641114840636042,NA,FALSE,0.10469737866669324,-1,FALSE,FALSE,-1_FALSE
124,var124,fructose-6-phosphate,C00085,69507,402.7391304347826,421.62264150943395,242.67228507735288,268.409720276748,403 +/- 240,422 +/- 270,1.05,0.7006369796049567,0.7658125125914643,0.7006564541909996,FALSE,0.015610068145858177,0.041094084859215195,NA,FALSE,0.070389327891398,1,FALSE,FALSE,1_FALSE
125,var125,fructose,C00095,5984,156194.78260869565,42819.264150943396,111065.26283593007,49293.817816526265,156000 +/- 110000,42800 +/- 49000,0.27,1.6805720596904346e-6,1.9746721701362606e-5,1.6805720609580632e-6,TRUE,0.054666722215516966,-0.1217040306188872,1.0621999014820975,TRUE,1.8889686876112561,-1,FALSE,TRUE,-1_TRUE
126,var126,ethanolamine,C00189,700,13362.739130434782,11683.169811320755,8724.923137027374,3404.9428140224945,13400 +/- 8700,11700 +/- 3400,0.87,0.5155975725816052,0.6020642462443588,0.51559757258161,FALSE,0.0335105705421704,0.007652597307940339,NA,FALSE,0.2009126939259964,-1,FALSE,FALSE,-1_FALSE
127,var127,erythritol,C00503,222285,2779.913043478261,1858.8490566037735,1173.4184680606363,795.7247638818727,2780 +/- 1200,1860 +/- 800,0.67,6.125110992512822e-4,0.002214463204985405,6.125639101789426e-4,TRUE,0.10221618432654901,-0.02713120079651827,0.048938985357321524,FALSE,0.5777669993169522,-1,FALSE,TRUE,-1_TRUE
128,var128,dodecane,C08374,8182,429.9130434782609,301.2641509433962,333.9249933529546,144.99033799949413,430 +/- 330,301 +/- 140,0.7,0.12410243079289277,0.1794786438520328,0.12411271491525833,FALSE,0.04988761439955851,0.022164995208791,NA,FALSE,0.5145731728297583,-1,FALSE,FALSE,-1_FALSE
129,var129,digalacturonic acid,,6857565,174.95652173913044,104.86792452830188,171.79096130865494,91.38213041438199,175 +/- 170,105 +/- 91,0.6,0.05108564424284709,0.08817399655639305,0.05112374521900698,FALSE,0.07879175067397907,-0.031032149287036757,NA,FALSE,0.7369655941662062,-1,FALSE,FALSE,-1_FALSE
13,var13,trisaccharide,,,2304.6521739130435,457.66037735849056,2909.36165458235,1175.5559395680416,2300 +/- 2900,458 +/- 1200,0.2,7.374329427516942e-4,0.002477121059810773,7.378658476030475e-4,TRUE,0.11638660474004814,-0.009884722498656682,0.02166666666666667,FALSE,2.321928094887362,-1,FALSE,TRUE,-1_TRUE
130,var130,cytidine-5'-diphosphate,C00112,290,1279.2608695652175,1082.3962264150944,1972.8685441483724,1048.4311235149007,1280 +/- 2000,1080 +/- 1000,0.85,0.8608768413665275,0.8892573965764131,0.860877782617789,FALSE,0.0280412341515411,0.11714377470362229,NA,FALSE,0.23446525363702297,-1,FALSE,FALSE,-1_FALSE
131,var131,cystine,,,8070.652173913043,4334.66037735849,6232.886290466193,2523.091845209245,8070 +/- 6200,4330 +/- 2500,0.54,0.0015761893706231014,0.004779412930276501,0.0015761893706232044,TRUE,0.03441642164406698,-0.04662223145381896,0.07575016553521835,FALSE,0.888968687611256,-1,FALSE,TRUE,-1_TRUE
132,var132,cysteine,C00097,594,1858.608695652174,2730.0754716981132,1608.4075902222623,2100.8220263749563,1860 +/- 1600,2730 +/- 2100,1.47,0.009153764244351822,0.02098667899924564,0.009154240384855683,TRUE,-0.003828791422613078,0.08073346493173181,0.036029290265875626,FALSE,0.5558161550616397,1,FALSE,TRUE,1_TRUE
133,var133,creatinine,C00791,588,9671.521739130434,12627.849056603774,3906.0725668160853,5195.318570954145,9670 +/- 3900,12600 +/- 5200,1.31,0.02554155869542651,0.05001888577854358,0.0255415586955402,TRUE,-0.05337068976580285,0.09250933452769136,0.03660922199397253,FALSE,0.3895668117627256,1,FALSE,FALSE,1_FALSE
134,var134,conduritol beta epoxide,,,525.4782608695652,1239.5471698113208,333.7797136334106,565.2527197239281,525 +/- 330,1240 +/- 570,2.36,1.733981618309825e-8,9.767093863563051e-7,1.7355349712921964e-8,TRUE,-0.07166464111645128,0.05721754943744463,0.8345362242025346,TRUE,1.2387868595871165,1,FALSE,TRUE,1_TRUE
135,var135,citrulline,C00327,9750,4984.260869565217,3907.2075471698113,1231.6499730550406,1297.9007363740905,4980 +/- 1200,3910 +/- 1300,0.78,0.002101521799658505,0.005986153005087863,0.002101669949142959,TRUE,0.09093185805621769,0.05907971799717124,0.07918753753153093,FALSE,0.3584539709124763,-1,FALSE,TRUE,-1_TRUE
136,var136,citric acid,C00158,311,150780.95652173914,127274.96226415095,48100.18584492378,42188.56889515957,151000 +/- 48000,127000 +/- 42000,0.84,0.031243015783449367,0.0575851663459655,0.031243015783604777,TRUE,0.08784092039501669,0.018628907639644237,0.05476515462301389,FALSE,0.25153876699596445,-1,FALSE,FALSE,-1_FALSE
137,var137,cholic acid,C00695,221493,215.82608695652175,34.679245283018865,394.8971847978469,14.594221175764769,216 +/- 390,34.7 +/- 15,0.16,0.001240792615345832,0.003953712062457905,0.001246071771296764,TRUE,0.05625477421328012,-0.06603504396785731,0.048148754226803,FALSE,2.643856189774725,-1,FALSE,TRUE,-1_TRUE
138,var138,cholesterol,C00187,5997,158224.47826086957,175388.679245283,55699.45177294229,63455.315420433275,158000 +/- 56000,175000 +/- 63000,1.11,0.23737610127277248,0.3210554463257642,0.23737610127277453,FALSE,-0.04065103456669548,-0.05293658147300227,NA,FALSE,0.15055967657538138,1,FALSE,FALSE,1_FALSE
139,var139,cellobiotol,,160514,1346.4347826086957,554.9811320754717,1061.4994037632443,382.6813542203546,1350 +/- 1100,555 +/- 380,0.41,3.6524687413184033e-6,3.614021701936104e-5,3.6535854887054242e-006,TRUE,0.10871469184185786,-0.019292606687693673,0.11487433475482256,FALSE,1.286304185156641,-1,FALSE,TRUE,-1_TRUE
14,var14,triethanolamine,C06771,7618,969.2173913043479,169.1320754716981,2155.7259261730615,246.40117676853183,969 +/- 2200,169 +/- 250,0.17,0.30611543676126085,0.3836646807407803,0.3061782604909715,FALSE,0.03615468028918783,-0.048052942356084594,NA,FALSE,2.5563933485243853,-1,FALSE,FALSE,-1_FALSE
140,var140,caprylic acid,C06423,379,1681.5652173913043,1737.3962264150944,448.2969618544221,486.34940509024995,1680 +/- 450,1740 +/- 490,1.03,0.6188292858991575,0.7050903378729795,0.6188340808476037,FALSE,-0.023591678395104777,-0.10412782523133024,NA,FALSE,0.04264433740849372,1,FALSE,FALSE,1_FALSE
141,var141,capric acid,C01571,2969,2180.8260869565215,2641.0377358490564,825.629052308487,635.6686958285059,2180 +/- 830,2640 +/- 640,1.21,7.07822347871747e-4,0.0024642703962942302,7.081209823481815e-4,TRUE,-0.05092676487000817,-0.09215454138889899,0.03552821468084625,FALSE,0.27500704749986976,1,FALSE,TRUE,1_TRUE
142,var142,"butane-2,3-diol",C03044,262,2673.608695652174,1423.7924528301887,1700.1284373709275,1034.767185976012,2670 +/- 1700,1420 +/- 1000,0.53,4.6615889318267186e-4,0.0017885279983335164,0.00046615889318246673,TRUE,0.08376499633651438,-0.05175834913285858,1.179676304237268,TRUE,0.9159357352115255,-1,FALSE,TRUE,-1_TRUE
143,var143,beta-alanine,C00099,239,125.91304347826087,219.41509433962264,63.589531044803465,193.2442091840374,126 +/- 64,219 +/- 190,1.74,0.006212962991720452,0.01516931223952526,0.006214022582151091,TRUE,-0.008254789814607177,0.10947882963663103,0.021425287356321845,FALSE,0.7990873060740036,1,FALSE,TRUE,1_TRUE
144,var144,benzoic acid,C00180,243,12034.04347826087,10233.075471698114,9326.963407621723,1609.4098637634543,12000 +/- 9300,10200 +/- 1600,0.85,0.9234343066424741,0.9283724580148938,0.9234343066424271,FALSE,0.02377892248432795,-0.08424714741468714,NA,FALSE,0.23446525363702297,-1,FALSE,FALSE,-1_FALSE
145,var145,behenic acid,C08281,8215,1731.5652173913043,1654.3584905660377,657.1336397973853,1437.6234675316334,1730 +/- 660,1650 +/- 1400,0.96,0.035456027819993505,0.0647158566034833,0.035458540545099004,TRUE,0.012081873191215233,0.0360708014571005,0.01944561403508772,FALSE,0.058893689053568565,-1,FALSE,FALSE,-1_FALSE
146,var146,aspartic acid,C00049,5960,4420.95652173913,5561.811320754717,2291.0126676817526,2245.3088964858725,4420 +/- 2300,5560 +/- 2200,1.26,0.0274628733623205,0.05322701228985829,0.02746498914755202,TRUE,-0.045735673293308736,0.04561138224566103,0.037950000000000005,FALSE,0.3334237337251918,1,FALSE,FALSE,1_FALSE
147,var147,asparagine,C00152,236,11182.08695652174,9269.037735849057,9580.218933316539,2397.015981159332,11200 +/- 9600,9270 +/- 2400,0.83,0.7301993706861505,0.7889510441896339,0.7301993706861318,FALSE,0.021968799571107075,0.04404071302393389,NA,FALSE,0.2688167584278,-1,FALSE,FALSE,-1_FALSE
148,var148,arachidonic acid,,5312542,3010.695652173913,4809.037735849057,1605.4242553062702,1623.60087652136,3010 +/- 1600,4810 +/- 1600,1.6,5.556166799642631e-5,3.369546317202628e-4,5.556166799658424e-5,TRUE,-0.09872080915767437,-0.02956435313144077,0.1249020423228308,FALSE,0.6780719051126377,1,FALSE,TRUE,1_TRUE
149,var149,arachidic acid,C06425,10467,2341.478260869565,3032.3207547169814,656.4680196853196,3712.9227745474677,2340 +/- 660,3030 +/- 3700,1.3,0.5340156504144429,0.6159198912755538,0.5340212410527335,FALSE,-0.028544301308068665,-0.025775177875397372,NA,FALSE,0.37851162325372983,1,FALSE,FALSE,1_FALSE
15,var15,trehalose,C01083,7427,2966.086956521739,805.2264150943396,2173.1357509587065,1281.5268483863217,2970 +/- 2200,805 +/- 1300,0.27,6.914088082698407e-7,9.998835073440773e-6,6.915296663079218e-7,TRUE,0.13287270958151298,-0.05081599024922752,0.3555952206349169,TRUE,1.8889686876112561,-1,FALSE,TRUE,-1_TRUE
150,var150,arabitol,C01904,94154,657.4347826086956,494.9622641509434,240.3334475430025,288.2004485572866,657 +/- 240,495 +/- 290,0.75,0.0033443053341097005,0.00911319804504105,0.0033447375803621338,TRUE,0.09267177267125601,0.03374416181528959,0.02886939200083216,FALSE,0.4150374992788438,-1,FALSE,TRUE,-1_TRUE
151,var151,arabinose,C00259,229,5344.304347826087,3049.0377358490564,3601.1885214187855,2357.1804943966436,5340 +/- 3600,3050 +/- 2400,0.57,6.727916023919486e-5,3.832873371202616e-4,6.728688088331047e-5,TRUE,0.07341492913736099,-0.04587390808652309,0.10669367645157121,FALSE,0.8109661756099832,-1,FALSE,TRUE,-1_TRUE
152,var152,aminomalonic acid,C00872,100714,3523.3478260869565,4393.226415094339,1291.0416375475359,1831.7876161900665,3520 +/- 1300,4390 +/- 1800,1.25,0.028678021971682226,0.054691812781791936,0.028678021971818235,TRUE,-0.06514978003070182,0.03501317463209006,0.002,FALSE,0.32192809488736235,1,FALSE,FALSE,1_FALSE
153,var153,alpha ketoglutaric acid,C00026,51,2084.1304347826085,688.9811320754717,2338.137220958518,1358.2452266770538,2080 +/- 2300,689 +/- 1400,0.33,0.051115807100800686,0.08817399655639305,0.05112374521900698,FALSE,0.0915713883492052,0.04727513973370781,NA,FALSE,1.5994620704162712,-1,FALSE,FALSE,-1_FALSE
154,var154,allantoin,C01551,204,7020.695652173913,3554.396226415094,6044.393167787683,2799.939081340209,7020 +/- 6000,3550 +/- 2800,0.51,0.0038657724810532636,0.010093961478305744,0.0038657724810551297,TRUE,0.09082059805150143,-0.06446130361274724,0.07939074960127591,FALSE,0.9714308478032291,-1,FALSE,TRUE,-1_TRUE
155,var155,allantoic acid,C00499,203,5714.608695652174,6440.905660377359,4142.954147367996,2952.5267553282024,5710 +/- 4100,6440 +/- 3000,1.13,0.06450438889322739,0.1082752242136317,0.06450438889322807,FALSE,0.0033751468535177845,-0.01964822360313546,NA,FALSE,0.17632277264046287,1,FALSE,FALSE,1_FALSE
156,var156,alanine,C00041,5950,368815.60869565216,314951.71698113205,202646.48947315733,131892.7680319505,369000 +/- 200000,315000 +/- 130000,0.85,0.5155975725816052,0.6020642462443588,0.51559757258161,FALSE,0.043102348147381515,0.17128655421148622,NA,FALSE,0.23446525363702297,-1,FALSE,FALSE,-1_FALSE
157,var157,adipic acid,C06104,196,619.3478260869565,563.7735849056604,449.0690986206559,650.8181135932927,619 +/- 450,564 +/- 650,0.91,0.010100953075964694,0.022342066306178274,0.010101979234880654,TRUE,0.013846166961059767,-0.01947482485437219,0.044687978687978684,FALSE,0.13606154957602837,-1,FALSE,TRUE,-1_TRUE
158,var158,adenosine-5-phosphate,C00020,6083,391.17391304347825,1845.566037735849,1524.4021973509937,3879.0705841111853,391 +/- 1500,1850 +/- 3900,4.72,0.10584797404222693,0.16178389528405418,0.10590285524371024,FALSE,-0.04198554219650238,0.006836840167184008,NA,FALSE,2.2387868595871163,1,FALSE,FALSE,1_FALSE
159,var159,adenosine,C00212,60961,600.304347826087,294.1132075471698,2187.300545395929,474.27927752689857,600 +/- 2200,294 +/- 470,0.49,0.626792479689219,0.7098613625395975,0.6268278248198051,FALSE,0.0029243825791532676,0.02852832788864027,NA,FALSE,1.0291463456595165,-1,FALSE,FALSE,-1_FALSE
16,var16,trans-4-hydroxyproline,C01157,5810,1872.4782608695652,3600.566037735849,1125.6204700909393,2235.336272322991,1870 +/- 1100,3600 +/- 2200,1.92,7.37865847603209e-4,0.002477121059810773,7.378658476030475e-4,TRUE,-0.09170697033562046,-0.04728060621626635,0.027190476190476192,FALSE,0.9411063109464314,1,FALSE,TRUE,1_TRUE
160,var160,aconitic acid,C00417,309,209.82608695652175,117.66037735849056,165.88787346055415,143.60080128823827,210 +/- 170,118 +/- 140,0.56,0.0014284001870573252,0.004402282543717658,0.0014299087761328044,TRUE,0.09316344782384291,-0.02558452754484184,0.02412627374618221,FALSE,0.8365012677171204,-1,FALSE,TRUE,-1_TRUE
161,var161,5-methoxytryptamine,C05659,1833,15328.565217391304,22723.075471698114,10544.21916513364,10150.93270790169,15300 +/- 11000,22700 +/- 10000,1.48,0.010781407143447774,0.023568657476374204,0.0107814071434712,TRUE,-0.035457290899298596,0.07820507404797192,0.03245714285714286,FALSE,0.5655971758542251,1,FALSE,TRUE,1_TRUE
162,var162,5-hydroxyindole-3-acetic acid,,,580,310.60377358490564,253.5748051723235,266.921505288514,580 +/- 250,311 +/- 270,0.54,3.0147551176967973e-6,3.2345443745410516e-5,3.015692101482337e-6,TRUE,0.13790520418136903,-0.005267320849875778,0.29775339404808937,FALSE,0.888968687611256,-1,FALSE,TRUE,-1_TRUE
163,var163,4-hydroxyproline,C01015,825,1316.5652173913043,3839.509433962264,2065.6653303274943,3467.055437768934,1320 +/- 2100,3840 +/- 3500,2.92,1.8628133730159505e-4,8.933849160691168e-4,1.8628133730169694e-4,TRUE,-0.057536242890032875,0.06810865911216786,0.19724536508741278,FALSE,1.5459683691052926,1,FALSE,TRUE,1_TRUE
164,var164,4-hydroxyhippuric acid,C07588,10253,208.8695652173913,289.8679245283019,246.4591620879108,268.39021804768987,209 +/- 250,290 +/- 270,1.39,0.018118388720488238,0.03702453347230206,0.01812075818453729,TRUE,0.004125777523888519,0.14211277381701506,0.05146064482329119,FALSE,0.47508488294878265,1,FALSE,TRUE,1_TRUE
165,var165,4-hydroxybutyric acid,C00989,10413,643.7826086956521,295.33962264150944,358.8152166279943,135.32509907004095,644 +/- 360,295 +/- 140,0.46,3.0969041883903686e-6,3.2345443745410516e-5,3.099786057725318e-6,TRUE,0.13470549032497295,0.048487860792686424,0.056108864831963826,FALSE,1.1202942337177118,-1,FALSE,TRUE,-1_TRUE
166,var166,4-hydroxybenzoate,C00156,105001,904.1739130434783,752.4528301886793,584.18440832061,476.21688522214555,904 +/- 580,752 +/- 480,0.83,0.195438469064116,0.26624950858010005,0.19544457735704335,FALSE,0.015532447976834526,0.11050207307539336,NA,FALSE,0.2688167584278,-1,FALSE,FALSE,-1_FALSE
167,var167,3-ureidopropionate,,,89,44.075471698113205,54.439290623926794,27.414095936638546,89 +/- 54,44.1 +/- 27,0.5,1.3779554755668304e-4,7.001503497474705e-4,1.387286337389826e-4,TRUE,0.12868466998889957,0.037753346230707294,0.1981327222548756,FALSE,1,-1,FALSE,TRUE,-1_TRUE
168,var168,3-phosphoglycerate,C00197,724,698.304347826087,726.3207547169811,669.3106653852298,823.2261296402687,698 +/- 670,726 +/- 820,1.04,0.843146240986887,0.8855390687460042,0.8431462409869206,FALSE,0.0025274797446779014,0.006780882099532831,NA,FALSE,0.056583528366367514,1,FALSE,FALSE,1_FALSE
169,var169,3-methyl-1-oxobutylglycine,,193872,440.1304347826087,147.9245283018868,737.949327180509,115.01736475195717,440 +/- 740,148 +/- 120,0.34,1.5636211243750703e-5,1.2582785528823936e-4,1.5657143583536204e-5,TRUE,0.08489718943646847,0.03528497106673424,0.08866541603216795,FALSE,1.5563933485243853,-1,FALSE,TRUE,-1_TRUE
17,var17,tocopherol alpha,C02477,14985,1766.0869565217392,2034.754716981132,910.7632120691404,611.3177099719909,1770 +/- 910,2030 +/- 610,1.15,0.319729614752614,0.39807395744034063,0.31973292256319785,FALSE,-0.015242275233988205,0.0029428825449094127,NA,FALSE,0.2016338611696504,1,FALSE,FALSE,1_FALSE
170,var170,3-hydroxypropionic acid,C01013,68152,3539.3478260869565,2293.4528301886794,1745.4879132597762,587.1179794306099,3540 +/- 1700,2290 +/- 590,0.65,0.0016068128793515519,0.004794933671715742,0.0016070503876162157,TRUE,0.11256579712999852,-0.05988443289315982,0.03518316174788377,FALSE,0.6214883767462701,-1,FALSE,TRUE,-1_TRUE
171,var171,3-hydroxybutanoic acid,C01089,92135,206165.21739130435,26436.264150943396,286194.0671958225,39345.62056714188,206000 +/- 290000,26400 +/- 39000,0.13,3.114708615856972e-7,5.32332017982828e-6,3.114708715390435e-7,TRUE,0.09534497981589189,-0.07549552119030756,0.37403993525777596,FALSE,2.9434164716336326,-1,FALSE,TRUE,-1_TRUE
172,var172,"3,6-dihydro-3,6-dimethyl-2,5-bishydroxypyrazine",,n/a,326.5652173913044,806.3584905660377,311.66617136215075,631.4997440263694,327 +/- 310,806 +/- 630,2.47,4.281066591821506e-4,0.0016767510817967564,4.2814553983705483e-4,TRUE,-0.06528398180994856,0.09628790255678185,0.04154008658008657,FALSE,1.304511041809953,1,FALSE,TRUE,1_TRUE
173,var173,"3,6-anhydrogalactose",C06474,441040,9799,2241.830188679245,12089.999184149157,1698.9748915590367,9800 +/- 12000,2240 +/- 1700,0.23,2.2905435329725257e-9,4.3062218419883485e-7,2.2911356145627337e-9,TRUE,0.0854040664770722,-0.0705425823520977,0.8825349821111252,TRUE,2.1202942337177118,-1,FALSE,TRUE,-1_TRUE
174,var174,"3,6-anhydro-D-hexose",,,1816.5652173913043,1610.9245283018868,486.3217066629265,436.3126018145443,1820 +/- 490,1610 +/- 440,0.89,0.0888073474532999,0.14030068337159984,0.0888138922332371,FALSE,0.061668475344798926,-0.01106259115246318,NA,FALSE,0.16812275880832692,-1,FALSE,FALSE,-1_FALSE
175,var175,2-oxogluconic acid,C00629,3035456,253.04347826086956,224.52830188679246,60.834707692887385,85.39919918863968,253 +/- 61,225 +/- 85,0.89,0.07399433780239652,0.11995707456877978,0.0740200181361862,FALSE,0.030862990850701245,-0.0632596361812283,NA,FALSE,0.16812275880832692,-1,FALSE,FALSE,-1_FALSE
176,var176,2-monoolein,C02112,5319879,765.2608695652174,732.4150943396227,553.8116858637144,387.6418566132257,765 +/- 550,732 +/- 390,0.96,0.8831393955409672,0.9072688872224144,0.8831401885813556,FALSE,0.004606683595524398,0.056866019049624766,NA,FALSE,0.058893689053568565,-1,FALSE,FALSE,-1_FALSE
177,var177,2-ketoisocaproic acid,C00233,70,2579.217391304348,1444.8490566037735,2044.0513904881457,1351.875042533182,2580 +/- 2000,1440 +/- 1400,0.56,0.013069724636958761,0.027607957660092663,0.013069724636993185,TRUE,0.07102834505915807,0.026591143451111868,0.06721172376294327,FALSE,0.8365012677171204,-1,FALSE,TRUE,-1_TRUE
178,var178,2-hydroxyvaleric acid,,98009,2463,1069.377358490566,1575.91185724906,637.5135059328032,2460 +/- 1600,1070 +/- 640,0.43,3.585724614460986e-5,2.3245387155816047e-4,3.5857246144743726e-5,TRUE,0.12287970919377272,-0.08338199959530021,0.1341624252472806,FALSE,1.2175914350726267,-1,FALSE,TRUE,-1_TRUE
179,var179,2-hydroxyglutaric acid,C02630,43,1462.2608695652175,1254.1509433962265,740.5962105193174,653.3142545815739,1460 +/- 740,1250 +/- 650,0.86,0.2852909726899457,0.3673652185004038,0.28529426543116465,FALSE,0.08844203707239152,0.10468689986480975,NA,FALSE,0.21759143507262677,-1,FALSE,FALSE,-1_FALSE
18,var18,thymine,C00178,1135,314.30434782608694,518.8679245283018,186.45044059593684,265.1532240434002,314 +/- 190,519 +/- 270,1.65,2.9653796596160555e-4,0.0012657233894277672,2.966513164410767e-4,TRUE,-0.053143919334138895,0.022205937007370124,0.009616666666666667,FALSE,0.722466024471091,1,FALSE,TRUE,1_TRUE
180,var180,2-hydroxybutanoic acid,C05984,94318,12337.260869565218,7231.396226415094,6174.537798067386,5427.858666672347,12300 +/- 6200,7230 +/- 5400,0.59,3.4539652691876777e-4,0.001381586107675071,3.453965269186732e-4,TRUE,0.13085301477177622,0.07605426080554363,0.017827906976744183,FALSE,0.7612131404128835,-1,FALSE,TRUE,-1_TRUE
181,var181,2-hydroxy-2-methylbutanoic acid,,95433,1122.1304347826087,541.4905660377359,852.9933019212575,387.89375144398605,1120 +/- 850,541 +/- 390,0.48,2.5995028064341866e-4,0.0011365268083944815,2.6007670111249936e-4,TRUE,0.08345320726460799,-0.06921379088998496,0.0037777777777777788,FALSE,1.0588936890535685,-1,FALSE,TRUE,-1_TRUE
182,var182,2-deoxytetronic acid,,150929,997.0869565217391,775.2075471698113,355.2871966379617,310.08245544163583,997 +/- 360,775 +/- 310,0.78,0.0034055123523878306,0.00914623317498446,0.0034061702735532773,TRUE,0.09127425707994248,-0.06974948105639571,0.06957985355642533,FALSE,0.3584539709124763,-1,FALSE,TRUE,-1_TRUE
183,var183,2-aminoadipic acid,C00956,469,833.1304347826087,1358.3962264150944,652.5136225918844,614.5082568019684,833 +/- 650,1360 +/- 610,1.63,1.947749370120384e-4,8.933849160691168e-4,1.948339444617364e-4,TRUE,-0.02890996290497944,0.16351564035553257,0.6018272060332863,TRUE,0.7048719644563528,1,FALSE,TRUE,1_TRUE
184,var184,"2,3-dihydroxybutanoic acid",,13120900,444.6521739130435,350.3207547169811,219.0767007020916,114.25877740814516,445 +/- 220,350 +/- 110,0.79,0.08464063666490415,0.136003758059846,0.08465339619739742,FALSE,0.06275386748382095,-0.017884343081889343,NA,FALSE,0.3400754415976217,-1,FALSE,FALSE,-1_FALSE
185,var185,1-monostearin,D01947,24699,166.7391304347826,194.30188679245282,77.51786737808162,86.99217137758396,167 +/- 78,194 +/- 87,1.17,0.17302263867770248,0.23917835346623578,0.17304613649399103,FALSE,-0.02754489286713787,0.037417180926083614,NA,FALSE,0.22650852980867975,1,FALSE,FALSE,1_FALSE
186,var186,1-monopalmitin,,14900,391.39130434782606,349.2830188679245,181.01048164789563,131.26754496044308,391 +/- 180,349 +/- 130,0.89,0.29558307868892886,0.3754703972535042,0.29561278956768,FALSE,0.02917359690833513,0.014618725869360378,NA,FALSE,0.16812275880832692,-1,FALSE,FALSE,-1_FALSE
187,var187,1-monoolein,C01885,5283468,6285.391304347826,6829.377358490566,3745.062868013766,4008.045179704743,6290 +/- 3700,6830 +/- 4000,1.09,0.6964695627646529,0.7657092268991504,0.6964715343676338,FALSE,-0.018446424110286404,0.013855232432646724,NA,FALSE,0.12432813500220177,1,FALSE,FALSE,1_FALSE
188,var188,"1,5-anhydroglucitol",C07326,64960,13482.695652173914,64420.301886792455,26441.823290927132,25100.696297869526,13500 +/- 26000,64400 +/- 25000,4.78,5.9049182994125314e-8,1.3876558003619448e-6,5.9049196421412375e-8,TRUE,-0.1353344765161822,0.013246780284464658,2.909840600071214,TRUE,2.257010618206024,1,FALSE,TRUE,1_TRUE
19,var19,thymidine,C00214,5789,838.0869565217391,1023.0566037735849,629.2902866103484,469.57752759976216,838 +/- 630,1020 +/- 470,1.22,0.017843028555308848,0.036862520531846854,0.0178461532927654,TRUE,-0.013826385202864075,-8.995312739437776e-4,0.04449820384294069,FALSE,0.28688114778816154,1,FALSE,TRUE,1_TRUE
2,var2,xylitol,C00379,6912,6672.086956521739,3617.698113207547,5713.770351393071,4313.051385419098,6670 +/- 5700,3620 +/- 4300,0.54,0.012585257360836216,0.026886686179968276,0.01370502003721652,TRUE,0.09576944149886542,0.05108648404889212,0.01394712825933757,FALSE,0.888968687611256,-1,FALSE,TRUE,-1_TRUE
20,var20,threonine,C00188,6288,21377.304347826088,18425.43396226415,19383.54974159739,9112.995172806448,21400 +/- 19000,18400 +/- 9100,0.86,0.9224932391113052,0.9283724580148938,0.9234343066424271,FALSE,-0.014837929053858343,-0.033942384698624324,NA,FALSE,0.21759143507262677,-1,FALSE,FALSE,-1_FALSE
21,var21,threonic acid,,,18245.521739130436,23196.11320754717,9933.604110518292,6238.482778012052,18200 +/- 9900,23200 +/- 6200,1.27,0.00885644246043925,0.020555693611883693,0.008856442460454694,TRUE,-0.09132947042939325,0.020597427505203946,0.06381990135322287,FALSE,0.34482849699744117,1,FALSE,TRUE,1_TRUE
22,var22,threitol,,169019,675.6086956521739,671.3207547169811,266.6234558205183,385.8657983919412,676 +/- 270,671 +/- 390,0.99,0.4027393367910483,0.4884838407530134,0.4027554149601045,FALSE,0.031194989279584286,0.013407432689778547,NA,FALSE,0.014499569695115089,-1,FALSE,FALSE,-1_FALSE
23,var23,taurine,C00245,1123,25409.91304347826,50291.54716981132,24885.64832646436,36300.151015031304,25400 +/- 25000,50300 +/- 36000,1.98,0.0018391378173548678,0.005319352456349464,0.0018391378173548967,TRUE,-0.041878447546371225,0.13033383353488523,0.034103267973856204,FALSE,0.9855004303048849,1,FALSE,TRUE,1_TRUE
24,var24,tagatose,D09007,92092,1134.391304347826,472.4339622641509,936.7787523369857,509.10726954278135,1130 +/- 940,472 +/- 510,0.42,1.4870327719574715e-5,1.2582785528823936e-4,1.4874326534908278e-5,TRUE,0.10141621475819747,-0.011641633882155973,0.09463494673767184,FALSE,1.2515387669959646,-1,FALSE,TRUE,-1_TRUE
25,var25,sulfuric acid,C00059,1118,9369.695652173914,9567.037735849057,7903.942286978652,7418.251271130249,9370 +/- 7900,9570 +/- 7400,1.02,0.9909785326055587,0.9909785326055587,0.990978594267607,FALSE,-0.021423727016601737,-0.09409384927170573,NA,FALSE,0.02856915219677092,1,FALSE,FALSE,1_FALSE
26,var26,sucrose,C00089,5988,442.5652173913044,469.8301886792453,496.43692505026223,592.4126269835739,443 +/- 500,470 +/- 590,1.06,0.8519986610823002,0.8892573965764131,0.8520026609225153,FALSE,0.0025501842646584246,0.03906795119321718,NA,FALSE,0.08406426478847455,1,FALSE,FALSE,1_FALSE
27,var27,succinic acid,C00042,1110,35425.434782608696,13313.150943396226,68806.4316548613,34147.28037509341,35400 +/- 69000,13300 +/- 34000,0.38,0.13705262061662685,0.19668620363302172,0.1370526206166256,FALSE,0.0786314531600603,0.1274351919265406,NA,FALSE,1.3959286763311392,-1,FALSE,FALSE,-1_FALSE
28,var28,stearic acid,C01530,5281,211393.1739130435,225719.83018867925,93653.50485585984,108407.52480193498,211000 +/- 94000,226000 +/- 110000,1.07,0.7817655488951025,0.8350677454106776,0.7817655488950856,FALSE,-0.040510989975525484,-0.15304447651049027,NA,FALSE,0.09761079662642233,1,FALSE,FALSE,1_FALSE
29,var29,sorbitol,C00794,5780,15924.260869565218,8463.283018867925,11020.633248665026,4213.065476208681,15900 +/- 11000,8460 +/- 4200,0.53,2.2275869962358008e-4,9.971103697436442e-4,2.227586996237374e-4,TRUE,0.1008950490158305,-0.028491240446995095,0.02363970588235294,FALSE,0.9159357352115255,-1,FALSE,TRUE,-1_TRUE
3,var3,xanthosine,C01762,64959,345.69565217391306,161.16981132075472,813.5242877741383,609.076562569204,346 +/- 810,161 +/- 610,0.47,0.3306169300904881,0.4089209398487616,0.33085503398351057,FALSE,0.06180146124199902,0.14156374350811676,NA,FALSE,1.0892673380970874,-1,FALSE,FALSE,-1_FALSE
30,var30,sophorose,C08250,441432,1114.7391304347825,577.9622641509434,638.7951882177249,379.34249606108193,1110 +/- 640,578 +/- 380,0.52,1.3071908137693447e-5,1.1702470142316038e-4,1.3077247472903508e-5,TRUE,0.12355546962720299,0.011031764133138344,0.08834373673259122,FALSE,0.9434164716336325,-1,FALSE,TRUE,-1_TRUE
31,var31,shikimic acid,C00493,8742,336.60869565217394,244,614.4096012455915,365.49055549199375,337 +/- 610,244 +/- 370,0.72,0.004697294152068535,0.012097141103957324,0.004702683117847828,TRUE,0.02439445476219827,-0.06301139707634418,0.04382100604074288,FALSE,0.4739311883324124,-1,FALSE,TRUE,-1_TRUE
32,var32,serine,C00065,5951,106175.21739130435,73393.94339622642,81136.63471182228,19565.41054673065,106000 +/- 81000,73400 +/- 20000,0.69,0.031243015783449367,0.0575851663459655,0.031243015783604777,TRUE,0.030592425663183424,0.026920976657838647,0.059252712527808823,FALSE,0.5353317329965558,-1,FALSE,FALSE,-1_FALSE
33,var33,sarcosine,C00213,1088,16039.91304347826,24644.584905660377,8466.529716869853,9025.530079114387,16000 +/- 8500,24600 +/- 9000,1.54,5.999367088943423e-4,0.00221153139749287,5.999367088942442e-4,TRUE,-0.071758130761915645,-0.012451212469195824,0.10667275187006693,FALSE,0.6229303509201767,1,FALSE,TRUE,1_TRUE
34,var34,saccharic acid,C00818,33037,1596.1304347826087,542.3584905660377,997.8190446417639,410.7746478554327,1600 +/- 1000,542 +/- 410,0.34,5.5356502740429474e-8,1.3876558003619448e-6,5.54257142404424e-8,TRUE,0.15267259934537758,-0.03271786196017439,0.5121667549993082,TRUE,1.5563933485243853,-1,FALSE,TRUE,-1_TRUE
35,var35,ribulose-5-phosphate,C00199,439184,199.17391304347825,336.58490566037733,273.7383708071887,402.97892834595746,199 +/- 270,337 +/- 400,1.69,0.013918201950716892,0.029073577408164176,0.013922765237396773,TRUE,-0.012277880739061593,0.03463981135182984,0.10877533888149363,FALSE,0.7570232465074596,1,FALSE,TRUE,1_TRUE
36,var36,ribose,C00121,5779,1640.608695652174,1091.7169811320755,1680.821518271522,1218.6382276534753,1640 +/- 1700,1090 +/- 1200,0.67,0.11472126649097013,0.16982360708899516,0.1147237460280981,FALSE,0.06370009935706314,-0.03250994511271958,NA,FALSE,0.5777669993169522,-1,FALSE,FALSE,-1_FALSE
37,var37,ribitol,C00474,827,786.6086956521739,940.4905660377359,487.37597388561187,449.99519752315604,787 +/- 490,940 +/- 450,1.2,0.298224381790142,0.3762831125942731,0.2982309870559001,FALSE,-0.014817619378264585,0.05744521753807144,NA,FALSE,0.2630344058337938,1,FALSE,FALSE,1_FALSE
38,var38,rhamnose,C00507,25310,8808.08695652174,6903.943396226415,3969.8779224766586,2312.0301802586196,8810 +/- 4000,6900 +/- 2300,0.78,0.03696754072279325,0.0668259389988955,0.0369675407227924,TRUE,0.05789838141018354,-0.00943505585144594,0.048537593984962414,FALSE,0.3584539709124763,-1,FALSE,FALSE,-1_FALSE
39,var39,pyruvic acid,C00022,1060,4829.260869565217,3098.0754716981132,5052.025536333209,3130.971309409962,4830 +/- 5100,3100 +/- 3100,0.64,0.10836155752796002,0.16297578252205186,0.10836638342627092,FALSE,0.05430448588449806,-0.007531029461582464,NA,FALSE,0.6438561897747247,-1,FALSE,FALSE,-1_FALSE
4,var4,xanthine,C00385,1188,2007.0434782608695,1141.245283018868,2732.1829680222713,1956.1444113127268,2010 +/- 2700,1140 +/- 2000,0.57,0.06698983297038959,0.11145211149055967,0.0669935655863414,FALSE,0.05638008297453004,0.14623272298389506,NA,FALSE,0.8109661756099832,-1,FALSE,FALSE,-1_FALSE
40,var40,pyrophosphate,C00013,1023,649.304347826087,590.5471698113207,249.15300789650027,243.73137530720925,649 +/- 250,591 +/- 240,0.91,0.5339988773010875,0.6159198912755538,0.5340212410527335,FALSE,0.029339562736747784,-0.0712299976199976,NA,FALSE,0.13606154957602837,-1,FALSE,FALSE,-1_FALSE
41,var41,"pyrazine 2,5-dihydroxy",,23368901,2510.4347826086955,1968.4150943396226,1468.9845542255916,2266.2812086523722,2510 +/- 1500,1970 +/- 2300,0.78,0.008566423695655561,0.02013109568479057,0.008567329019832925,TRUE,0.05608031009603675,0.12162086674098771,0.06954774729391096,FALSE,0.3584539709124763,-1,FALSE,TRUE,-1_TRUE
42,var42,"propane-1,3-diol",C02457,10442,1563.4347826086957,1622.5094339622642,676.1191951186604,525.5565044144785,1560 +/- 680,1620 +/- 530,1.04,0.24189483981252013,0.32252645308336014,0.24189483981251536,FALSE,0.022177180552132924,0.1402323090207384,NA,FALSE,0.056583528366367514,1,FALSE,FALSE,1_FALSE
43,var43,proline,C00148,145742,70828.34782608696,51432.622641509435,44454.96390792974,23108.157381877754,70800 +/- 44000,51400 +/- 23000,0.73,0.09993817942137033,0.1565698144268135,0.09993817942137029,FALSE,0.08357397353772084,0.12016606866687228,NA,FALSE,0.4540316308947075,-1,FALSE,FALSE,-1_FALSE
44,var44,pipecolic acid,,,1286.2173913043478,614.7547169811321,2474.9896777842005,1510.3731315047792,1290 +/- 2500,615 +/- 1500,0.48,0.02908918922293764,0.054691812781791936,0.029092490074874133,TRUE,0.0467739754267126,-0.006211439157869253,0.013238095238095242,FALSE,1.0588936890535685,-1,FALSE,FALSE,-1_FALSE
45,var45,phosphoric acid,C00009,1004,78555.34782608696,68499.1320754717,60335.5188836926,49398.352880917046,78600 +/- 60000,68500 +/- 49000,0.87,0.6551477177594319,0.7331414936831738,0.6551477177594343,FALSE,0.005735746386715532,-0.07185455031195716,NA,FALSE,0.2009126939259964,-1,FALSE,FALSE,-1_FALSE
46,var46,phosphoethanolamine,C00346,1015,1368.7826086956522,1678.5849056603774,539.0031165807806,796.2673602494006,1370 +/- 540,1680 +/- 800,1.23,0.15754646401302483,0.22103533757051244,0.15754930310198834,FALSE,-0.03188596785519461,-0.016185744062089495,NA,FALSE,0.29865831556451516,1,FALSE,FALSE,1_FALSE
47,var47,phenylethylamine,,,3083.695652173913,2155.264150943396,2808.0609847492888,1232.7740942054131,3080 +/- 2800,2160 +/- 1200,0.7,0.2904193950526713,0.3714207229245048,0.29042269233836593,FALSE,0.05166300719126766,-0.005950157335077564,NA,FALSE,0.5145731728297583,-1,FALSE,FALSE,-1_FALSE
48,var48,phenylalanine,C00079,6140,44032.17391304348,36917.79245283019,10243.676935075491,8280.175846698525,44000 +/- 10000,36900 +/- 8300,0.84,0.004786366529079652,0.012159958209013168,0.0047863665290830415,TRUE,0.08431208113672278,0.087283861208198,0.01657902448428764,FALSE,0.25153876699596445,-1,FALSE,TRUE,-1_TRUE
49,var49,phenylacetic acid,C07086,999,319.17391304347825,162.58490566037736,296.69905968137186,111.97586174677664,319 +/- 300,163 +/- 110,0.51,0.0035927883738907968,0.009513298792837603,0.0035966821747659417,TRUE,0.09388768114983277,0.04562937845750915,0.02662790697674418,FALSE,0.9714308478032291,-1,FALSE,TRUE,-1_TRUE
5,var5,valine,C00183,6287,231977.91304347827,128295.52830188679,118125.31339021941,52491.78109571198,232000 +/- 120000,128000 +/- 52000,0.55,2.1787359904328785e-5,1.5170458007458562e-4,2.1787359904656967e-5,TRUE,0.12063575519631456,-0.032919855711439315,0.00936,FALSE,0.862496476250065,-1,FALSE,TRUE,-1_TRUE
50,var50,pelargonic acid,C01601,8158,16374.434782608696,18819.811320754718,5028.568066793125,5791.55980735562,16400 +/- 5000,18800 +/- 5800,1.15,0.06956128423730275,0.11471510032116594,0.06956128423730235,FALSE,-0.06143088175983182,-0.12655342390735316,NA,FALSE,0.2016338611696504,1,FALSE,FALSE,1_FALSE
51,var51,pantothenic acid,C00864,6613,4967.130434782609,2017.867924528302,1991.0377902524701,1200.4685629712042,4970 +/- 2000,2020 +/- 1200,0.41,2.7391764021241448e-8,9.767093863563051e-7,2.7391779178209674e-8,TRUE,0.14840348849130633,-0.04871040489854056,1.2211479912752188,TRUE,1.286304185156641,-1,FALSE,TRUE,-1_TRUE
52,var52,palmitoleic acid,C08362,445638,5926.739130434783,14203.735849056604,6979.1395811009625,30292.056030323645,5930 +/- 7000,14200 +/- 30000,2.4,0.039062995962574606,0.0699413641996574,0.039064334629432595,TRUE,-0.02150643457429857,-0.013357793882033037,0.03668591886050166,FALSE,1.2630344058337937,1,FALSE,FALSE,1_FALSE
53,var53,palmitic acid,C00249,985,40409.65217391304,48022.75471698113,16317.842160733406,17142.288776484067,40400 +/- 16000,48000 +/- 17000,1.19,0.059754836772140114,0.10212644830147583,0.059754836772139885,FALSE,-0.06948000455805639,-0.1382949525293471,NA,FALSE,0.25096157353321874,1,FALSE,FALSE,1_FALSE
54,var54,oxoproline,C01879,7405,141636.47826086957,194013.88679245283,71449.91533163097,40442.91782427158,142000 +/- 71000,194000 +/- 40000,1.37,7.75358512686766e-6,7.288370019255601e-5,7.753585127612261e-6,TRUE,-0.08730731186884065,0.05814156773453096,0.2732924172999761,FALSE,0.45417589318580215,1,FALSE,TRUE,1_TRUE
55,var55,oxalic acid,C00209,971,39281.65217391304,36087.188679245286,14753.482875728932,12344.02965475868,39300 +/- 15000,36100 +/- 12000,0.92,0.4453348877544385,0.5366856339604772,0.44533488775443886,FALSE,-0.029842599121609678,-0.05157102376438482,NA,FALSE,0.12029423371771177,-1,FALSE,FALSE,-1_FALSE
56,var56,orotic acid,C00295,967,604.695652173913,566.377358490566,456.13698448667895,279.9952078171706,605 +/- 460,566 +/- 280,0.94,0.452106025138195,0.5413753676814055,0.45210602513818166,FALSE,0.009865912910087163,-0.019583141662892843,NA,FALSE,0.08926733809708741,-1,FALSE,FALSE,-1_FALSE
57,var57,ornithine,C00077,6262,34261.13043478261,53031.22641509434,18706.49302759083,15211.035850331102,34300 +/- 19000,53000 +/- 15000,1.55,1.606313046232843e-5,1.2582785528823936e-4,1.6063130462540265e-5,TRUE,-0.07702651030352925,0.11652667047396044,0.43097488524835986,TRUE,0.632268215499513,1,FALSE,TRUE,1_TRUE
58,var58,oleic acid,C00712,445639,4328.608695652174,6415.811320754717,3368.882074343066,3239.6231740542567,4330 +/- 3400,6420 +/- 3200,1.48,0.004957788251453992,0.01242752255031134,0.004957788251457762,TRUE,-0.07592429520696473,-0.05296645758202754,0.0347346997377485,FALSE,0.5655971758542251,1,FALSE,TRUE,1_TRUE
59,var59,N-methylalanine,C02721,5288725,4987.95652173913,4237.358490566037,2779.2174745332522,2981.210415601352,4990 +/- 2800,4240 +/- 3000,0.85,0.05112215757790873,0.08817399655639305,0.05112374521900698,FALSE,0.05623148234261626,0.06256238193715488,NA,FALSE,0.23446525363702297,-1,FALSE,FALSE,-1_FALSE
6,var6,uridine,C02067,15047,22035.434782608696,12634.735849056604,11763.44499952786,5249.7549801833,22000 +/- 12000,12600 +/- 5200,0.57,5.556166799642631e-5,3.369546317202628e-4,5.556166799658424e-5,TRUE,0.09406945157678909,-0.0944559235965436,0.17430901853216965,TRUE,0.8109661756099832,-1,FALSE,TRUE,-1_TRUE
60,var60,nicotinic acid,C00253,938,1583,1427.5094339622642,1730.2663746581702,1765.8205830831337,1580 +/- 1700,1430 +/- 1800,0.9,0.12410757287640567,0.1794786438520328,0.12411271491525833,FALSE,0.033473478162606124,0.027880996701393965,NA,FALSE,0.15200309344504995,-1,FALSE,FALSE,-1_FALSE
61,var61,nicotinamide,C00153,936,32.95652173913044,128.69811320754718,16.680086823595605,411.4272804661307,33 +/- 17,129 +/- 410,3.91,0.7300539324387779,0.7889510441896339,0.7301993706861318,FALSE,0.019195059296381337,0.08842796773703479,NA,FALSE,1.9671686075326276,1,FALSE,FALSE,1_FALSE
62,var62,N-hexanoylglycine,,99463,190.95652173913044,236.33962264150944,100.1968418395735,115.31577772431037,191 +/- 100,236 +/- 120,1.24,0.10106953512230235,0.1570336578759739,0.10110917942772968,FALSE,-0.011174218137718723,0.08441067509102565,NA,FALSE,0.3103401206121505,1,FALSE,FALSE,1_FALSE
63,var63,N-acetylglycine,,10972,358.69565217391306,213.0566037735849,223.28669601344544,69.28131480097302,359 +/- 220,213 +/- 69,0.59,0.007490985411591599,0.018055195607425904,0.007493435760005607,TRUE,0.09650966564808586,-0.05676031175622955,0.07846336799175736,FALSE,0.7612131404128835,-1,FALSE,TRUE,-1_TRUE
64,var64,N-acetylglutamate,C00624,70914,523,757.4716981132076,306.0813914334195,454.3172647701326,523 +/- 310,757 +/- 450,1.45,0.045970160641891904,0.08153198302524224,0.04597016064189119,TRUE,-0.074355823396653975,-0.07730044925177657,0.057234881320949435,FALSE,0.5360529002402097,1,FALSE,FALSE,1_FALSE
65,var65,N-acetyl-D-tryptophan,,,470.4347826086956,338.6792452830189,235.2437471078874,147.1784335143133,470 +/- 240,339 +/- 150,0.72,0.009303090322572012,0.021072060007753475,0.009306465127294383,TRUE,0.09559479904702274,0.020888693558962092,0.053399755301418564,FALSE,0.4739311883324124,-1,FALSE,TRUE,-1_TRUE
66,var66,N-acetyl-D-mannosamine,C00645,65150,4209.739130434783,3572.7735849056603,2281.5544385629905,3370.483123561354,4210 +/- 2300,3570 +/- 3400,0.85,0.10228873811942164,0.15762526857746942,0.10229108365928952,FALSE,0.04190773058219467,-0.05863801740101251,NA,FALSE,0.23446525363702297,-1,FALSE,FALSE,-1_FALSE
67,var67,N-acetyl-D-hexosamine,C03136,439281,1183.5652173913043,1045.867924528302,494.10946763637827,537.5119332391196,1180 +/- 490,1050 +/- 540,0.88,0.10961018768577713,0.1635453594041754,0.10961504036397485,FALSE,0.06280131090013176,0.08678214187987886,NA,FALSE,0.18442457113742744,-1,FALSE,FALSE,-1_FALSE
68,var68,methylhexadecanoic acid,,10465,6863.478260869565,4971.754716981132,1662.3121320937078,1777.255911031,6860 +/- 1700,4970 +/- 1800,0.72,8.524791217435731e-5,4.713708084935051e-4,8.524791217467964e-5,TRUE,0.060142891561110995,-0.0720351520171195,0.07380162891293325,FALSE,0.4739311883324124,-1,FALSE,TRUE,-1_TRUE
69,var69,methionine sulfoxide,C02989,158980,11589.565217391304,16041.849056603774,9833.780013190559,8551.879884195112,11600 +/- 9800,16000 +/- 8600,1.38,0.023388228178605763,0.046776456357211525,0.023388228178703785,TRUE,-0.0609997071789216,-0.046528368532145356,0.09401489761592065,FALSE,0.46466826700344427,1,FALSE,TRUE,1_TRUE
7,var7,uridine,C00299,6029,1067.0434782608695,730.9811320754717,1474.8566487585672,1663.6843900323029,1070 +/- 1500,731 +/- 1700,0.69,0.07401606728711944,0.11995707456877978,0.0740200181361862,FALSE,0.06465401093614245,0.14730025683103828,NA,FALSE,0.5353317329965558,-1,FALSE,FALSE,-1_FALSE
70,var70,methionine,C00073,6137,8810.565217391304,7876.018867924528,6097.978277683417,5464.3800848015335,8810 +/- 6100,7880 +/- 5500,0.89,0.688129464532222,0.7609902313650456,0.6881294645322285,FALSE,0.049958141373390996,0.1478460673722632,NA,FALSE,0.16812275880832692,-1,FALSE,FALSE,-1_FALSE
71,var71,methanolphosphate,,13130,936.304347826087,1432.8490566037735,326.703289738092,595.7763970144147,936 +/- 330,1430 +/- 600,1.53,5.072576268591991e-4,0.0019072886769905884,5.073025901719541e-4,TRUE,-0.06680292729898861,-0.018161863218887072,0.22690516840296002,FALSE,0.6135316529179271,1,FALSE,TRUE,1_TRUE
72,var72,melibiose,,11458,562.0434782608696,307.2830188679245,546.8418816058814,297.37397960238104,562 +/- 550,307 +/- 300,0.55,0.005042565470911679,0.012473714585939417,0.005045564511941603,TRUE,0.07888742256130157,-0.016484592315693557,0.03195083495702689,FALSE,0.862496476250065,-1,FALSE,TRUE,-1_TRUE
73,var73,maltose,C00208,6255,6460.04347826087,2100.7735849056603,3035.0800869807954,1750.3088149667656,6460 +/- 3000,2100 +/- 1800,0.33,2.11200237879886e-8,9.767093863563051e-7,2.1120039050970263e-8,TRUE,0.1349538673877059,-0.08300852195509253,1.367806500052081,TRUE,1.5994620704162712,-1,FALSE,TRUE,-1_TRUE
74,var74,malic acid,C00149,222656,12541.652173913044,7260.264150943396,9494.692869793083,4967.5703632155855,12500 +/- 9500,7260 +/- 5000,0.58,0.010101466149069965,0.022342066306178274,0.010101979234880654,TRUE,0.10938488332816941,0.12393150293461726,0.09323924706458803,FALSE,0.7858751946471527,-1,FALSE,TRUE,-1_TRUE
75,var75,maleimide,C07272,10935,2235,2092.6603773584907,883.2597167723247,804.3707990959869,2240 +/- 880,2090 +/- 800,0.94,0.46927986696110935,0.5583836391689149,0.46928594195476425,FALSE,-0.017872917269844336,-0.07605734232053211,NA,FALSE,0.08926733809708741,-1,FALSE,FALSE,-1_FALSE
76,var76,lyxose,,65550,1405.5217391304348,1538.3396226415093,815.2242786533831,901.4309765673906,1410 +/- 820,1540 +/- 900,1.09,0.6592311084513577,0.7333458484547647,0.659235472775549,FALSE,-0.021449843031281623,0.02767874112786285,NA,FALSE,0.12432813500220177,1,FALSE,FALSE,1_FALSE
77,var77,lysine,C00047,5962,75986.13043478261,137715.69811320756,35719.18285014669,52436.0033013082,76000 +/- 36000,138000 +/- 52000,1.81,1.0666521359597559e-6,1.3368706770695607e-5,1.0666521373936533e-6,TRUE,-0.08510347522201851,0.10828255962939357,0.18854890264773985,FALSE,0.8559896973084807,1,FALSE,TRUE,1_TRUE
78,var78,linolenic acid,C06427,5280934,3135,4186.962264150943,3148.244243730435,2645.4001148747593,3140 +/- 3100,4190 +/- 2600,1.34,0.011876780549789015,0.02566476716506132,0.011876780549817778,TRUE,-0.07372535998346813,-0.05070864877071204,0.19841432367777523,FALSE,0.4222330006830478,1,FALSE,TRUE,1_TRUE
79,var79,linoleic acid,C01595,5280450,5701.173913043478,5802.830188679245,4100.92277478412,2988.2047783799317,5700 +/- 4100,5800 +/- 3000,1.02,0.6148515581542384,0.7048298349572977,0.6148539760008428,FALSE,-0.01927304627447647,-0.0740266052948888,NA,FALSE,0.02856915219677092,1,FALSE,FALSE,1_FALSE
8,var8,uric acid + myo-inositol,C00366,1175,21026.521739130436,14938.301886792453,18014.263363612645,15910.611915400877,21000 +/- 18000,14900 +/- 16000,0.71,0.02554155869542651,0.05001888577854358,0.025541558695539868,TRUE,0.07502425242637495,0.15108007095492065,0.040909447909447914,FALSE,0.4941090702700427,-1,FALSE,FALSE,-1_FALSE
80,var80,levanbiose,C01725,439555,1307.8695652173913,1382.0754716981132,748.4798718583387,844.2717355361685,1310 +/- 750,1380 +/- 840,1.06,0.80792927165508,0.8533185565795226,0.8079292716550927,FALSE,-0.03272781068761693,-0.007107116778509259,NA,FALSE,0.08406426478847455,1,FALSE,FALSE,1_FALSE
81,var81,leucine,,,191336.21739130435,100876.15094339622,106350.77681126585,48677.63760835795,191000 +/- 110000,101000 +/- 49000,0.53,1.7808257219091735e-4,8.810400939971701e-4,1.7808257219109613e-4,TRUE,0.12322616954114511,0.015912261059215446,0.013220846233230136,FALSE,0.9159357352115255,-1,FALSE,TRUE,-1_TRUE
82,var82,lauric acid,C02679 ,3893,7025.739130434783,7406.1509433962265,5374.716907702643,3255.0113399083243,7030 +/- 5400,7410 +/- 3300,1.05,0.24189483981252013,0.32252645308336014,0.24189483981251536,FALSE,-0.02099306697750575,-0.12267107830953028,NA,FALSE,0.070389327891398,1,FALSE,FALSE,1_FALSE
83,var83,lactobionic acid,,517381,4434.173913043478,1769.3584905660377,3537.262920448443,1505.3271187345551,4430 +/- 3500,1770 +/- 1500,0.4,1.8717883860537606e-5,1.353446986838873e-4,1.8717883860874807e-5,TRUE,0.126721709820256,-0.011223533674005599,0.06951081623690318,FALSE,1.3219280948873622,-1,FALSE,TRUE,-1_TRUE
84,var84,lactic acid,C00186,612,466268.60869565216,399784.5471698113,242697.81199143684,164622.6833109074,466000 +/- 240000,400000 +/- 160000,0.86,0.3627143291735149,0.445688195324319,0.36271432917352076,FALSE,0.03752155253260592,0.08832441872530088,NA,FALSE,0.21759143507262677,-1,FALSE,FALSE,-1_FALSE
85,var85,kynurenine,C00328,161166,449.2173913043478,450.24528301886795,138.45969433926157,296.52797932977444,449 +/- 140,450 +/- 300,1,0.11733739199820689,0.17233929449736637,0.11734741565825424,FALSE,0.030135323895601307,0.019003358708495583,NA,FALSE,0,0,FALSE,FALSE,0_FALSE
86,var86,isothreonic acid,,151152,2238.521739130435,1604.433962264151,748.6634678827947,647.3322624859296,2240 +/- 750,1600 +/- 650,0.72,2.942153172285952e-5,1.9754457013919965e-4,2.942153172325046e-5,TRUE,0.10242767493634396,-0.03404810393279537,0.04104999264999265,FALSE,0.4739311883324124,-1,FALSE,TRUE,-1_TRUE
87,var87,isoleucine,C00407,6306,85817.34782608696,54072.52830188679,35717.935846661756,17854.166880164434,85800 +/- 36000,54100 +/- 18000,0.63,3.4539652691876777e-4,0.001381586107675071,3.453965269186732e-4,TRUE,0.1210495983900915,-0.0029917862888366492,0.006799999999999997,FALSE,0.6665762662748083,-1,FALSE,TRUE,-1_TRUE
88,var88,isocitric acid,C00311,5318532,2632.478260869565,2081.509433962264,812.5802824429226,711.1357282177224,2630 +/- 810,2080 +/- 710,0.79,0.0029964600377784217,0.00840797741943796,0.00299685563046892,TRUE,0.10056192874146841,-0.009192176549843714,0.1275590544989926,FALSE,0.3400754415976217,-1,FALSE,TRUE,-1_TRUE
89,var89,inulotriose,,16219508,1763.5652173913043,349.2641509433962,2161.3687756118165,881.0530882228685,1760 +/- 2200,349 +/- 880,0.2,1.8240940597451206e-5,1.353446986838873e-4,1.8248152637068138e-5,TRUE,0.11881626603864974,-0.009776482090137385,0.1695970107417816,FALSE,2.321928094887362,-1,FALSE,TRUE,-1_TRUE
9,var9,urea,C00086,1176,288334.4347826087,446484.71698113205,158374.46519471332,418648.7303053984,288000 +/- 160000,446000 +/- 420000,1.55,0.0033447375803608106,0.00911319804504105,0.0033447375803621338,TRUE,-0.03899815107316091,-0.020659641924379277,0.016509090909090904,FALSE,0.632268215499513,1,FALSE,TRUE,1_TRUE
90,var90,inositol allo-,,53714838,2158.9565217391305,1288.622641509434,645.198030083567,954.0111720522882,2160 +/- 650,1290 +/- 950,0.6,3.11413144258172e-7,5.32332017982828e-6,3.114708715390435e-7,TRUE,0.11216887663897744,-0.03763004561574438,0.7033116030095806,TRUE,0.7369655941662062,-1,FALSE,TRUE,-1_TRUE
91,var91,inosine,C00294,6021,5442.04347826087,5601.471698113208,4964.956902479443,5933.424561180673,5440 +/- 5000,5600 +/- 5900,1.03,0.9234343066424741,0.9283724580148938,0.9234343066424271,FALSE,0.012984844368541986,0.04182096132990188,NA,FALSE,0.04264433740849372,1,FALSE,FALSE,1_FALSE
92,var92,indole-3-lactate,C02043,92904,5647.913043478261,3585.698113207547,3346.67252537425,1972.6194473427543,5650 +/- 3300,3590 +/- 2000,0.63,6.253843125049737e-4,0.0022183443537912273,6.254380665761117e-4,TRUE,0.10814124488626542,-0.011630999122341423,0.12347393928279678,FALSE,0.6665762662748083,-1,FALSE,TRUE,-1_TRUE
93,var93,indole-3-acetate,C00954,802,3272.4347826086955,2702.2075471698113,1243.9095928156573,1499.3476191393602,3270 +/- 1200,2700 +/- 1500,0.83,0.029091389777548902,0.054691812781791936,0.029092490074874133,TRUE,0.061438750679090236,0.030009286827599947,0.026582054766938482,FALSE,0.2688167584278,-1,FALSE,FALSE,-1_FALSE
94,var94,icosenoic acid,C16526,5282767,2988.521739130435,1340.867924528302,2259.5712559841004,1012.5575964194646,2990 +/- 2300,1340 +/- 1000,0.45,1.9483394446188188e-4,8.933849160691168e-4,1.9483394446184743e-4,TRUE,0.11609350258588386,-0.049167571946323804,0.1062627358022095,FALSE,1.15200309344505,-1,FALSE,TRUE,-1_TRUE
95,var95,hypoxanthine + ornithine,C00262,790,1831.1739130434783,1258.7358490566037,3890.820404866421,3103.4596151277033,1830 +/- 3900,1260 +/- 3100,0.69,0.10711701162350058,0.16240321117111378,0.10712900930648606,FALSE,0.04913677512409464,0.14488967868883515,NA,FALSE,0.5353317329965558,-1,FALSE,FALSE,-1_FALSE
96,var96,hydroxylamine,C00192,787,2701.608695652174,2667.1132075471696,1158.2806905507694,1066.5834141056587,2700 +/- 1200,2670 +/- 1100,0.99,0.8920713478320097,0.9114642032196622,0.8920720810399809,FALSE,-0.007416106307853389,-0.13542449003991452,NA,FALSE,0.014499569695115089,-1,FALSE,FALSE,-1_FALSE
97,var97,hydroxycarbamate,,16639161,754,769.8679245283018,261.26284222459327,242.07524559174135,754 +/- 260,770 +/- 240,1.02,0.8608768413665275,0.8892573965764131,0.860877782617789,FALSE,-0.01946659874568529,-0.11665723073168256,NA,FALSE,0.02856915219677092,1,FALSE,FALSE,1_FALSE
98,var98,hydrocinnamic acid,C05629,107,2740.9565217391305,1125.3584905660377,2648.028708960358,1656.2017028585387,2740 +/- 2600,1130 +/- 1700,0.41,0.0018040660434217484,0.005299444002551386,0.0018041967167492512,TRUE,0.08910327265806219,0.1415256708415551,0.0680142164886388,FALSE,1.286304185156641,-1,FALSE,TRUE,-1_TRUE
99,var99,homoserine,C00263,12647,359.69565217391306,402.62264150943395,308.2263682282005,119.90673080727471,360 +/- 310,403 +/- 120,1.12,9.605304759812374e-4,0.0031680654295521515,9.613036156910226e-4,TRUE,-0.017868765802142233,0.10105982514673377,0.22553240715802295,FALSE,0.16349873228287956,1,FALSE,TRUE,1_TRUE
